ts,pid,rss_kb,comm
15:32:04,91277,37168,/Users/michael.pursifull/.rustup/toolchains/1.97.1-aarch64-apple-darwin/bin/rust-analyzer
15:32:06,91277,37168,/Users/michael.pursifull/.rustup/toolchains/1.97.1-aarch64-apple-darwin/bin/rust-analyzer
15:32:06,91328,28576,/Users/michael.pursifull/.rustup/toolchains/1.97.1-aarch64-apple-darwin/bin/rust-analyzer
15:32:08,91277,135776,/Users/michael.pursifull/.rustup/toolchains/1.97.1-aarch64-apple-darwin/bin/rust-analyzer
15:32:08,91328,442208,/Users/michael.pursifull/.rustup/toolchains/1.97.1-aarch64-apple-darwin/bin/rust-analyzer
15:32:08,91411,25392,/Users/michael.pursifull/.rustup/toolchains/1.97.1-aarch64-apple-darwin/libexec/rust-analyzer-proc-macro-srv
15:32:08,91412,25424,/Users/michael.pursifull/.rustup/toolchains/1.97.1-aarch64-apple-darwin/libexec/rust-analyzer-proc-macro-srv
15:32:10,91511,585008,(rust-analyzer)
15:32:23,91823,32944,/Users/michael.pursifull/.rustup/toolchains/1.97.1-aarch64-apple-darwin/bin/rust-analyzer
15:32:25,91823,32960,/Users/michael.pursifull/.rustup/toolchains/1.97.1-aarch64-apple-darwin/bin/rust-analyzer
15:32:27,91823,39216,/Users/michael.pursifull/.rustup/toolchains/1.97.1-aarch64-apple-darwin/bin/rust-analyzer
15:32:27,92201,25936,/Users/michael.pursifull/.rustup/toolchains/1.97.1-aarch64-apple-darwin/libexec/rust-analyzer-proc-macro-srv
15:32:29,91823,824640,/Users/michael.pursifull/.rustup/toolchains/1.97.1-aarch64-apple-darwin/bin/rust-analyzer
15:32:29,92201,26288,/Users/michael.pursifull/.rustup/toolchains/1.97.1-aarch64-apple-darwin/libexec/rust-analyzer-proc-macro-srv
15:32:31,92253,459616,/Users/michael.pursifull/.rustup/toolchains/1.97.1-aarch64-apple-darwin/bin/rust-analyzer
15:32:31,92271,26272,/Users/michael.pursifull/.rustup/toolchains/1.97.1-aarch64-apple-darwin/libexec/rust-analyzer-proc-macro-srv
15:32:33,92313,31408,/Users/michael.pursifull/.rustup/toolchains/1.97.1-aarch64-apple-darwin/bin/rust-analyzer
15:32:35,92313,48448,/Users/michael.pursifull/.rustup/toolchains/1.97.1-aarch64-apple-darwin/bin/rust-analyzer
15:32:35,92488,25600,/Users/michael.pursifull/.rustup/toolchains/1.97.1-aarch64-apple-darwin/libexec/rust-analyzer-proc-macro-srv
15:32:38,92564,71952,/Users/michael.pursifull/.rustup/toolchains/1.97.1-aarch64-apple-darwin/bin/rust-analyzer
15:32:38,92600,25568,/Users/michael.pursifull/.rustup/toolchains/1.97.1-aarch64-apple-darwin/libexec/rust-analyzer-proc-macro-srv
15:32:40,92666,28400,/Users/michael.pursifull/.rustup/toolchains/1.97.1-aarch64-apple-darwin/bin/rust-analyzer
15:32:42,92666,28400,/Users/michael.pursifull/.rustup/toolchains/1.97.1-aarch64-apple-darwin/bin/rust-analyzer
15:32:44,92666,28400,/Users/michael.pursifull/.rustup/toolchains/1.97.1-aarch64-apple-darwin/bin/rust-analyzer
15:32:46,92666,28400,/Users/michael.pursifull/.rustup/toolchains/1.97.1-aarch64-apple-darwin/bin/rust-analyzer
15:32:48,92666,28400,/Users/michael.pursifull/.rustup/toolchains/1.97.1-aarch64-apple-darwin/bin/rust-analyzer
15:32:50,92666,28400,/Users/michael.pursifull/.rustup/toolchains/1.97.1-aarch64-apple-darwin/bin/rust-analyzer
15:32:52,92666,28400,/Users/michael.pursifull/.rustup/toolchains/1.97.1-aarch64-apple-darwin/bin/rust-analyzer
15:32:54,92666,28400,/Users/michael.pursifull/.rustup/toolchains/1.97.1-aarch64-apple-darwin/bin/rust-analyzer
15:32:56,92666,28400,/Users/michael.pursifull/.rustup/toolchains/1.97.1-aarch64-apple-darwin/bin/rust-analyzer
15:32:59,92666,28400,/Users/michael.pursifull/.rustup/toolchains/1.97.1-aarch64-apple-darwin/bin/rust-analyzer
15:33:01,92666,28400,/Users/michael.pursifull/.rustup/toolchains/1.97.1-aarch64-apple-darwin/bin/rust-analyzer
15:33:01,92894,338736,/Users/michael.pursifull/.rustup/toolchains/1.97.1-aarch64-apple-darwin/bin/rust-analyzer
15:33:01,92913,26448,/Users/michael.pursifull/.rustup/toolchains/1.97.1-aarch64-apple-darwin/libexec/rust-analyzer-proc-macro-srv
15:33:03,92666,28400,/Users/michael.pursifull/.rustup/toolchains/1.97.1-aarch64-apple-darwin/bin/rust-analyzer
15:33:03,92894,357760,/Users/michael.pursifull/.rustup/toolchains/1.97.1-aarch64-apple-darwin/bin/rust-analyzer
15:33:03,92913,26448,/Users/michael.pursifull/.rustup/toolchains/1.97.1-aarch64-apple-darwin/libexec/rust-analyzer-proc-macro-srv
15:33:05,92666,28400,/Users/michael.pursifull/.rustup/toolchains/1.97.1-aarch64-apple-darwin/bin/rust-analyzer
15:33:05,92894,940000,/Users/michael.pursifull/.rustup/toolchains/1.97.1-aarch64-apple-darwin/bin/rust-analyzer
15:33:05,92913,26448,/Users/michael.pursifull/.rustup/toolchains/1.97.1-aarch64-apple-darwin/libexec/rust-analyzer-proc-macro-srv
15:33:07,92666,28400,/Users/michael.pursifull/.rustup/toolchains/1.97.1-aarch64-apple-darwin/bin/rust-analyzer
15:33:07,92894,1261776,/Users/michael.pursifull/.rustup/toolchains/1.97.1-aarch64-apple-darwin/bin/rust-analyzer
15:33:07,92913,41440,/Users/michael.pursifull/.rustup/toolchains/1.97.1-aarch64-apple-darwin/libexec/rust-analyzer-proc-macro-srv
15:33:09,92666,28400,/Users/michael.pursifull/.rustup/toolchains/1.97.1-aarch64-apple-darwin/bin/rust-analyzer
15:33:11,92666,28400,/Users/michael.pursifull/.rustup/toolchains/1.97.1-aarch64-apple-darwin/bin/rust-analyzer
15:33:13,92666,28400,/Users/michael.pursifull/.rustup/toolchains/1.97.1-aarch64-apple-darwin/bin/rust-analyzer
15:33:15,92666,28400,/Users/michael.pursifull/.rustup/toolchains/1.97.1-aarch64-apple-darwin/bin/rust-analyzer
15:33:17,92666,28400,/Users/michael.pursifull/.rustup/toolchains/1.97.1-aarch64-apple-darwin/bin/rust-analyzer
15:33:20,92666,28400,/Users/michael.pursifull/.rustup/toolchains/1.97.1-aarch64-apple-darwin/bin/rust-analyzer
15:33:22,92666,28400,/Users/michael.pursifull/.rustup/toolchains/1.97.1-aarch64-apple-darwin/bin/rust-analyzer
15:33:24,92666,28400,/Users/michael.pursifull/.rustup/toolchains/1.97.1-aarch64-apple-darwin/bin/rust-analyzer
15:33:26,92666,28400,/Users/michael.pursifull/.rustup/toolchains/1.97.1-aarch64-apple-darwin/bin/rust-analyzer
15:33:28,92666,28400,/Users/michael.pursifull/.rustup/toolchains/1.97.1-aarch64-apple-darwin/bin/rust-analyzer
15:33:30,92666,28400,/Users/michael.pursifull/.rustup/toolchains/1.97.1-aarch64-apple-darwin/bin/rust-analyzer
15:33:32,92666,28400,/Users/michael.pursifull/.rustup/toolchains/1.97.1-aarch64-apple-darwin/bin/rust-analyzer
15:33:34,92666,28400,/Users/michael.pursifull/.rustup/toolchains/1.97.1-aarch64-apple-darwin/bin/rust-analyzer
15:33:36,92666,28400,/Users/michael.pursifull/.rustup/toolchains/1.97.1-aarch64-apple-darwin/bin/rust-analyzer
15:33:39,92666,28400,/Users/michael.pursifull/.rustup/toolchains/1.97.1-aarch64-apple-darwin/bin/rust-analyzer
15:33:41,92666,28400,/Users/michael.pursifull/.rustup/toolchains/1.97.1-aarch64-apple-darwin/bin/rust-analyzer
15:33:43,92666,28400,/Users/michael.pursifull/.rustup/toolchains/1.97.1-aarch64-apple-darwin/bin/rust-analyzer
15:33:45,92666,28400,/Users/michael.pursifull/.rustup/toolchains/1.97.1-aarch64-apple-darwin/bin/rust-analyzer
15:33:47,92666,28400,/Users/michael.pursifull/.rustup/toolchains/1.97.1-aarch64-apple-darwin/bin/rust-analyzer
15:33:49,92666,28400,/Users/michael.pursifull/.rustup/toolchains/1.97.1-aarch64-apple-darwin/bin/rust-analyzer
15:33:51,92666,28400,/Users/michael.pursifull/.rustup/toolchains/1.97.1-aarch64-apple-darwin/bin/rust-analyzer
15:33:53,92666,28400,/Users/michael.pursifull/.rustup/toolchains/1.97.1-aarch64-apple-darwin/bin/rust-analyzer
15:33:55,92666,28400,/Users/michael.pursifull/.rustup/toolchains/1.97.1-aarch64-apple-darwin/bin/rust-analyzer
15:33:57,92666,28400,/Users/michael.pursifull/.rustup/toolchains/1.97.1-aarch64-apple-darwin/bin/rust-analyzer
15:34:00,92666,28400,/Users/michael.pursifull/.rustup/toolchains/1.97.1-aarch64-apple-darwin/bin/rust-analyzer
15:34:02,92666,28400,/Users/michael.pursifull/.rustup/toolchains/1.97.1-aarch64-apple-darwin/bin/rust-analyzer
15:34:04,92666,28400,/Users/michael.pursifull/.rustup/toolchains/1.97.1-aarch64-apple-darwin/bin/rust-analyzer
15:34:06,92666,28400,/Users/michael.pursifull/.rustup/toolchains/1.97.1-aarch64-apple-darwin/bin/rust-analyzer
15:34:08,92666,28400,/Users/michael.pursifull/.rustup/toolchains/1.97.1-aarch64-apple-darwin/bin/rust-analyzer
15:34:10,92666,28400,/Users/michael.pursifull/.rustup/toolchains/1.97.1-aarch64-apple-darwin/bin/rust-analyzer
15:34:12,92666,28400,/Users/michael.pursifull/.rustup/toolchains/1.97.1-aarch64-apple-darwin/bin/rust-analyzer
15:34:14,92666,28400,/Users/michael.pursifull/.rustup/toolchains/1.97.1-aarch64-apple-darwin/bin/rust-analyzer
15:34:16,92666,28400,/Users/michael.pursifull/.rustup/toolchains/1.97.1-aarch64-apple-darwin/bin/rust-analyzer
15:34:18,92666,28400,/Users/michael.pursifull/.rustup/toolchains/1.97.1-aarch64-apple-darwin/bin/rust-analyzer
15:34:21,92666,28400,/Users/michael.pursifull/.rustup/toolchains/1.97.1-aarch64-apple-darwin/bin/rust-analyzer
15:34:23,92666,28400,/Users/michael.pursifull/.rustup/toolchains/1.97.1-aarch64-apple-darwin/bin/rust-analyzer
15:34:25,92666,28400,/Users/michael.pursifull/.rustup/toolchains/1.97.1-aarch64-apple-darwin/bin/rust-analyzer
15:34:27,92666,28400,/Users/michael.pursifull/.rustup/toolchains/1.97.1-aarch64-apple-darwin/bin/rust-analyzer
15:34:29,92666,28400,/Users/michael.pursifull/.rustup/toolchains/1.97.1-aarch64-apple-darwin/bin/rust-analyzer
15:34:31,92666,28400,/Users/michael.pursifull/.rustup/toolchains/1.97.1-aarch64-apple-darwin/bin/rust-analyzer
15:34:33,92666,28400,/Users/michael.pursifull/.rustup/toolchains/1.97.1-aarch64-apple-darwin/bin/rust-analyzer
15:34:33,94110,319712,gopls
15:34:33,94113,27120,/Users/michael.pursifull/go/bin/gopls
15:34:35,92666,28400,/Users/michael.pursifull/.rustup/toolchains/1.97.1-aarch64-apple-darwin/bin/rust-analyzer
15:34:35,94110,1600944,gopls
15:34:35,94113,27120,/Users/michael.pursifull/go/bin/gopls
15:34:37,92666,28400,/Users/michael.pursifull/.rustup/toolchains/1.97.1-aarch64-apple-darwin/bin/rust-analyzer
15:34:37,94110,1716896,gopls
15:34:37,94113,27120,/Users/michael.pursifull/go/bin/gopls
15:34:39,92666,28400,/Users/michael.pursifull/.rustup/toolchains/1.97.1-aarch64-apple-darwin/bin/rust-analyzer
15:34:40,94110,1741248,gopls
15:34:40,94113,27120,/Users/michael.pursifull/go/bin/gopls
15:34:42,92666,28400,/Users/michael.pursifull/.rustup/toolchains/1.97.1-aarch64-apple-darwin/bin/rust-analyzer
15:34:44,92666,28400,/Users/michael.pursifull/.rustup/toolchains/1.97.1-aarch64-apple-darwin/bin/rust-analyzer
15:34:46,92666,28400,/Users/michael.pursifull/.rustup/toolchains/1.97.1-aarch64-apple-darwin/bin/rust-analyzer
15:34:48,92666,28400,/Users/michael.pursifull/.rustup/toolchains/1.97.1-aarch64-apple-darwin/bin/rust-analyzer
15:34:50,92666,28400,/Users/michael.pursifull/.rustup/toolchains/1.97.1-aarch64-apple-darwin/bin/rust-analyzer
15:34:52,92666,28400,/Users/michael.pursifull/.rustup/toolchains/1.97.1-aarch64-apple-darwin/bin/rust-analyzer
15:34:54,92666,28400,/Users/michael.pursifull/.rustup/toolchains/1.97.1-aarch64-apple-darwin/bin/rust-analyzer
15:34:56,92666,28592,/Users/michael.pursifull/.rustup/toolchains/1.97.1-aarch64-apple-darwin/bin/rust-analyzer
15:34:58,92666,32224,/Users/michael.pursifull/.rustup/toolchains/1.97.1-aarch64-apple-darwin/bin/rust-analyzer
15:35:00,92666,36224,/Users/michael.pursifull/.rustup/toolchains/1.97.1-aarch64-apple-darwin/bin/rust-analyzer
15:35:00,94931,25488,/Users/michael.pursifull/.rustup/toolchains/stable-aarch64-apple-darwin/libexec/rust-analyzer-proc-macro-srv
15:35:57,96067,66496,/Users/michael.pursifull/.rustup/toolchains/1.97.1-aarch64-apple-darwin/bin/rust-analyzer
15:35:57,96086,25552,/Users/michael.pursifull/.rustup/toolchains/1.97.1-aarch64-apple-darwin/libexec/rust-analyzer-proc-macro-srv
15:36:05,96208,286272,/Users/michael.pursifull/.rustup/toolchains/1.97.1-aarch64-apple-darwin/bin/rust-analyzer
15:36:05,96226,25952,/Users/michael.pursifull/.rustup/toolchains/1.97.1-aarch64-apple-darwin/libexec/rust-analyzer-proc-macro-srv
15:36:07,96208,289936,/Users/michael.pursifull/.rustup/toolchains/1.97.1-aarch64-apple-darwin/bin/rust-analyzer
15:36:07,96226,26496,/Users/michael.pursifull/.rustup/toolchains/1.97.1-aarch64-apple-darwin/libexec/rust-analyzer-proc-macro-srv
15:36:09,96208,809136,/Users/michael.pursifull/.rustup/toolchains/1.97.1-aarch64-apple-darwin/bin/rust-analyzer
15:36:10,96226,26496,/Users/michael.pursifull/.rustup/toolchains/1.97.1-aarch64-apple-darwin/libexec/rust-analyzer-proc-macro-srv
15:36:12,96208,1232928,/Users/michael.pursifull/.rustup/toolchains/1.97.1-aarch64-apple-darwin/bin/rust-analyzer
15:36:12,96226,41456,/Users/michael.pursifull/.rustup/toolchains/1.97.1-aarch64-apple-darwin/libexec/rust-analyzer-proc-macro-srv
15:36:14,96208,1233200,/Users/michael.pursifull/.rustup/toolchains/1.97.1-aarch64-apple-darwin/bin/rust-analyzer
15:36:14,96226,41456,/Users/michael.pursifull/.rustup/toolchains/1.97.1-aarch64-apple-darwin/libexec/rust-analyzer-proc-macro-srv
15:36:16,96208,1233200,/Users/michael.pursifull/.rustup/toolchains/1.97.1-aarch64-apple-darwin/bin/rust-analyzer
15:36:16,96226,41456,/Users/michael.pursifull/.rustup/toolchains/1.97.1-aarch64-apple-darwin/libexec/rust-analyzer-proc-macro-srv
15:36:18,96208,1233200,/Users/michael.pursifull/.rustup/toolchains/1.97.1-aarch64-apple-darwin/bin/rust-analyzer
15:36:18,96226,41456,/Users/michael.pursifull/.rustup/toolchains/1.97.1-aarch64-apple-darwin/libexec/rust-analyzer-proc-macro-srv
15:36:22,96613,40784,/Users/michael.pursifull/.rustup/toolchains/1.97.1-aarch64-apple-darwin/bin/rust-analyzer
15:36:22,96651,38112,/Users/michael.pursifull/.rustup/toolchains/1.97.1-aarch64-apple-darwin/bin/rust-analyzer
15:36:22,96675,25504,/Users/michael.pursifull/.rustup/toolchains/1.97.1-aarch64-apple-darwin/libexec/rust-analyzer-proc-macro-srv
15:36:24,96613,893600,/Users/michael.pursifull/.rustup/toolchains/1.97.1-aarch64-apple-darwin/bin/rust-analyzer
15:36:24,96651,299264,/Users/michael.pursifull/.rustup/toolchains/1.97.1-aarch64-apple-darwin/bin/rust-analyzer
15:36:24,96675,26944,/Users/michael.pursifull/.rustup/toolchains/1.97.1-aarch64-apple-darwin/libexec/rust-analyzer-proc-macro-srv
15:36:24,96712,26464,/Users/michael.pursifull/.rustup/toolchains/1.97.1-aarch64-apple-darwin/libexec/rust-analyzer-proc-macro-srv
15:36:26,96651,577856,/Users/michael.pursifull/.rustup/toolchains/1.97.1-aarch64-apple-darwin/bin/rust-analyzer
15:36:26,96712,26464,/Users/michael.pursifull/.rustup/toolchains/1.97.1-aarch64-apple-darwin/libexec/rust-analyzer-proc-macro-srv
15:36:26,96808,28976,/Users/michael.pursifull/.rustup/toolchains/1.97.1-aarch64-apple-darwin/bin/rust-analyzer
15:36:28,96651,1048304,/Users/michael.pursifull/.rustup/toolchains/1.97.1-aarch64-apple-darwin/bin/rust-analyzer
15:36:28,96712,35936,/Users/michael.pursifull/.rustup/toolchains/1.97.1-aarch64-apple-darwin/libexec/rust-analyzer-proc-macro-srv
15:36:28,96808,1153664,/Users/michael.pursifull/.rustup/toolchains/1.97.1-aarch64-apple-darwin/bin/rust-analyzer
15:36:28,96843,36768,/Users/michael.pursifull/.rustup/toolchains/1.97.1-aarch64-apple-darwin/libexec/rust-analyzer-proc-macro-srv
15:36:31,96651,1201392,/Users/michael.pursifull/.rustup/toolchains/1.97.1-aarch64-apple-darwin/bin/rust-analyzer
15:36:31,96712,41632,/Users/michael.pursifull/.rustup/toolchains/1.97.1-aarch64-apple-darwin/libexec/rust-analyzer-proc-macro-srv
15:36:31,96966,34624,/Users/michael.pursifull/.rustup/toolchains/1.97.1-aarch64-apple-darwin/bin/rust-analyzer
15:36:33,96651,1201392,/Users/michael.pursifull/.rustup/toolchains/1.97.1-aarch64-apple-darwin/bin/rust-analyzer
15:36:33,96712,41632,/Users/michael.pursifull/.rustup/toolchains/1.97.1-aarch64-apple-darwin/libexec/rust-analyzer-proc-macro-srv
15:36:33,96966,1278800,/Users/michael.pursifull/.rustup/toolchains/1.97.1-aarch64-apple-darwin/bin/rust-analyzer
15:36:33,97006,41712,/Users/michael.pursifull/.rustup/toolchains/1.97.1-aarch64-apple-darwin/libexec/rust-analyzer-proc-macro-srv
15:36:35,96651,1201392,/Users/michael.pursifull/.rustup/toolchains/1.97.1-aarch64-apple-darwin/bin/rust-analyzer
15:36:35,96712,41632,/Users/michael.pursifull/.rustup/toolchains/1.97.1-aarch64-apple-darwin/libexec/rust-analyzer-proc-macro-srv
15:36:35,97103,286080,/Users/michael.pursifull/.rustup/toolchains/1.97.1-aarch64-apple-darwin/bin/rust-analyzer
15:36:35,97126,26400,/Users/michael.pursifull/.rustup/toolchains/1.97.1-aarch64-apple-darwin/libexec/rust-analyzer-proc-macro-srv
15:36:37,97103,1290656,/Users/michael.pursifull/.rustup/toolchains/1.97.1-aarch64-apple-darwin/bin/rust-analyzer
15:36:37,97126,41648,/Users/michael.pursifull/.rustup/toolchains/1.97.1-aarch64-apple-darwin/libexec/rust-analyzer-proc-macro-srv
15:36:47,97708,37872,/Users/michael.pursifull/.rustup/toolchains/1.97.1-aarch64-apple-darwin/bin/rust-analyzer
15:36:49,97708,49536,/Users/michael.pursifull/.rustup/toolchains/1.97.1-aarch64-apple-darwin/bin/rust-analyzer
15:36:49,97862,25616,/Users/michael.pursifull/.rustup/toolchains/1.97.1-aarch64-apple-darwin/libexec/rust-analyzer-proc-macro-srv
15:36:51,97708,49600,/Users/michael.pursifull/.rustup/toolchains/1.97.1-aarch64-apple-darwin/bin/rust-analyzer
15:36:51,97862,26304,/Users/michael.pursifull/.rustup/toolchains/1.97.1-aarch64-apple-darwin/libexec/rust-analyzer-proc-macro-srv
15:36:54,97708,49600,/Users/michael.pursifull/.rustup/toolchains/1.97.1-aarch64-apple-darwin/bin/rust-analyzer
15:36:54,97862,27136,/Users/michael.pursifull/.rustup/toolchains/1.97.1-aarch64-apple-darwin/libexec/rust-analyzer-proc-macro-srv
15:36:54,97992,127888,gopls
15:36:54,97999,27312,/Users/michael.pursifull/go/bin/gopls
15:36:56,97708,49680,/Users/michael.pursifull/.rustup/toolchains/1.97.1-aarch64-apple-darwin/bin/rust-analyzer
15:36:56,97862,27728,/Users/michael.pursifull/.rustup/toolchains/1.97.1-aarch64-apple-darwin/libexec/rust-analyzer-proc-macro-srv
15:36:56,97992,381504,gopls
15:36:56,97999,27312,/Users/michael.pursifull/go/bin/gopls
15:36:58,97708,422880,/Users/michael.pursifull/.rustup/toolchains/1.97.1-aarch64-apple-darwin/bin/rust-analyzer
15:36:58,97862,28112,/Users/michael.pursifull/.rustup/toolchains/1.97.1-aarch64-apple-darwin/libexec/rust-analyzer-proc-macro-srv
15:36:58,97992,553936,gopls
15:36:58,97999,27312,/Users/michael.pursifull/go/bin/gopls
15:37:00,97708,2126464,/Users/michael.pursifull/.rustup/toolchains/1.97.1-aarch64-apple-darwin/bin/rust-analyzer
15:37:00,97862,55552,/Users/michael.pursifull/.rustup/toolchains/1.97.1-aarch64-apple-darwin/libexec/rust-analyzer-proc-macro-srv
15:37:00,97992,615216,gopls
15:37:00,97999,27312,/Users/michael.pursifull/go/bin/gopls
15:37:02,98508,30000,/Users/michael.pursifull/.rustup/toolchains/1.97.1-aarch64-apple-darwin/bin/rust-analyzer
15:37:04,98508,1057744,/Users/michael.pursifull/.rustup/toolchains/1.97.1-aarch64-apple-darwin/bin/rust-analyzer
15:37:04,98578,29120,/Users/michael.pursifull/.rustup/toolchains/1.97.1-aarch64-apple-darwin/libexec/rust-analyzer-proc-macro-srv
15:37:06,98508,2189168,/Users/michael.pursifull/.rustup/toolchains/1.97.1-aarch64-apple-darwin/bin/rust-analyzer
15:37:06,98578,56112,/Users/michael.pursifull/.rustup/toolchains/1.97.1-aarch64-apple-darwin/libexec/rust-analyzer-proc-macro-srv
15:37:06,98706,149584,gopls
15:37:06,98708,27200,/Users/michael.pursifull/go/bin/gopls
15:37:08,98706,194688,gopls
15:37:08,98708,27200,/Users/michael.pursifull/go/bin/gopls
15:37:08,98767,46816,/Users/michael.pursifull/.rustup/toolchains/1.97.1-aarch64-apple-darwin/bin/rust-analyzer
15:37:08,98821,25664,/Users/michael.pursifull/.rustup/toolchains/1.97.1-aarch64-apple-darwin/libexec/rust-analyzer-proc-macro-srv
15:37:10,98706,217056,gopls
15:37:10,98708,27200,/Users/michael.pursifull/go/bin/gopls
15:37:10,98767,226288,/Users/michael.pursifull/.rustup/toolchains/1.97.1-aarch64-apple-darwin/bin/rust-analyzer
15:37:10,98821,28160,/Users/michael.pursifull/.rustup/toolchains/1.97.1-aarch64-apple-darwin/libexec/rust-analyzer-proc-macro-srv
15:37:12,98706,217056,gopls
15:37:12,98708,27200,/Users/michael.pursifull/go/bin/gopls
15:37:12,98767,1556480,/Users/michael.pursifull/.rustup/toolchains/1.97.1-aarch64-apple-darwin/bin/rust-analyzer
15:37:12,98821,46544,/Users/michael.pursifull/.rustup/toolchains/1.97.1-aarch64-apple-darwin/libexec/rust-analyzer-proc-macro-srv
15:37:15,98706,217056,gopls
15:37:15,98708,27200,/Users/michael.pursifull/go/bin/gopls
15:37:15,98767,1694304,/Users/michael.pursifull/.rustup/toolchains/1.97.1-aarch64-apple-darwin/bin/rust-analyzer
15:37:15,98821,47744,/Users/michael.pursifull/.rustup/toolchains/1.97.1-aarch64-apple-darwin/libexec/rust-analyzer-proc-macro-srv
15:37:17,99049,581296,/Users/michael.pursifull/.rustup/toolchains/1.97.1-aarch64-apple-darwin/bin/rust-analyzer
15:37:17,99075,28128,/Users/michael.pursifull/.rustup/toolchains/1.97.1-aarch64-apple-darwin/libexec/rust-analyzer-proc-macro-srv
15:37:19,99049,1620528,/Users/michael.pursifull/.rustup/toolchains/1.97.1-aarch64-apple-darwin/bin/rust-analyzer
15:37:19,99075,48016,/Users/michael.pursifull/.rustup/toolchains/1.97.1-aarch64-apple-darwin/libexec/rust-analyzer-proc-macro-srv
15:37:27,99364,45728,/Users/michael.pursifull/.rustup/toolchains/1.97.1-aarch64-apple-darwin/bin/rust-analyzer
15:37:27,99386,25472,/Users/michael.pursifull/.rustup/toolchains/1.97.1-aarch64-apple-darwin/libexec/rust-analyzer-proc-macro-srv
15:37:29,99364,46400,/Users/michael.pursifull/.rustup/toolchains/1.97.1-aarch64-apple-darwin/bin/rust-analyzer
15:37:29,99386,25888,/Users/michael.pursifull/.rustup/toolchains/1.97.1-aarch64-apple-darwin/libexec/rust-analyzer-proc-macro-srv
15:37:31,99364,46432,/Users/michael.pursifull/.rustup/toolchains/1.97.1-aarch64-apple-darwin/bin/rust-analyzer
15:37:31,99386,26528,/Users/michael.pursifull/.rustup/toolchains/1.97.1-aarch64-apple-darwin/libexec/rust-analyzer-proc-macro-srv
15:37:33,99364,46432,/Users/michael.pursifull/.rustup/toolchains/1.97.1-aarch64-apple-darwin/bin/rust-analyzer
15:37:33,99386,27152,/Users/michael.pursifull/.rustup/toolchains/1.97.1-aarch64-apple-darwin/libexec/rust-analyzer-proc-macro-srv
15:37:35,99364,558288,/Users/michael.pursifull/.rustup/toolchains/1.97.1-aarch64-apple-darwin/bin/rust-analyzer
15:37:35,99386,27344,/Users/michael.pursifull/.rustup/toolchains/1.97.1-aarch64-apple-darwin/libexec/rust-analyzer-proc-macro-srv
15:37:37,99364,1594368,/Users/michael.pursifull/.rustup/toolchains/1.97.1-aarch64-apple-darwin/bin/rust-analyzer
15:37:37,99386,45616,/Users/michael.pursifull/.rustup/toolchains/1.97.1-aarch64-apple-darwin/libexec/rust-analyzer-proc-macro-srv
15:37:40,99648,387760,/Users/michael.pursifull/.rustup/toolchains/1.97.1-aarch64-apple-darwin/bin/rust-analyzer
15:37:40,99666,27344,/Users/michael.pursifull/.rustup/toolchains/1.97.1-aarch64-apple-darwin/libexec/rust-analyzer-proc-macro-srv
15:37:42,99648,1550672,/Users/michael.pursifull/.rustup/toolchains/1.97.1-aarch64-apple-darwin/bin/rust-analyzer
15:37:42,99666,45616,/Users/michael.pursifull/.rustup/toolchains/1.97.1-aarch64-apple-darwin/libexec/rust-analyzer-proc-macro-srv
15:37:44,99734,36992,/Users/michael.pursifull/.rustup/toolchains/1.97.1-aarch64-apple-darwin/bin/rust-analyzer
15:37:46,99734,37072,/Users/michael.pursifull/.rustup/toolchains/1.97.1-aarch64-apple-darwin/bin/rust-analyzer
15:37:48,99734,37088,/Users/michael.pursifull/.rustup/toolchains/1.97.1-aarch64-apple-darwin/bin/rust-analyzer
15:37:50,99734,37088,/Users/michael.pursifull/.rustup/toolchains/1.97.1-aarch64-apple-darwin/bin/rust-analyzer
15:37:52,99734,37088,/Users/michael.pursifull/.rustup/toolchains/1.97.1-aarch64-apple-darwin/bin/rust-analyzer
15:37:54,99734,37088,/Users/michael.pursifull/.rustup/toolchains/1.97.1-aarch64-apple-darwin/bin/rust-analyzer
15:37:56,99734,37088,/Users/michael.pursifull/.rustup/toolchains/1.97.1-aarch64-apple-darwin/bin/rust-analyzer
15:37:58,99734,37088,/Users/michael.pursifull/.rustup/toolchains/1.97.1-aarch64-apple-darwin/bin/rust-analyzer
15:38:00,3795,26096,/Users/michael.pursifull/.rustup/toolchains/1.97.1-aarch64-apple-darwin/libexec/rust-analyzer-proc-macro-srv
15:38:00,99734,48496,/Users/michael.pursifull/.rustup/toolchains/1.97.1-aarch64-apple-darwin/bin/rust-analyzer
15:38:03,3795,27536,/Users/michael.pursifull/.rustup/toolchains/1.97.1-aarch64-apple-darwin/libexec/rust-analyzer-proc-macro-srv
15:38:03,3981,37216,/Users/michael.pursifull/.rustup/toolchains/1.97.1-aarch64-apple-darwin/bin/rust-analyzer
15:38:03,99734,48496,/Users/michael.pursifull/.rustup/toolchains/1.97.1-aarch64-apple-darwin/bin/rust-analyzer
15:38:05,3795,28112,/Users/michael.pursifull/.rustup/toolchains/1.97.1-aarch64-apple-darwin/libexec/rust-analyzer-proc-macro-srv
15:38:05,99734,134800,/Users/michael.pursifull/.rustup/toolchains/1.97.1-aarch64-apple-darwin/bin/rust-analyzer
15:38:07,3795,43696,/Users/michael.pursifull/.rustup/toolchains/1.97.1-aarch64-apple-darwin/libexec/rust-analyzer-proc-macro-srv
15:38:07,4216,346192,/Users/michael.pursifull/.rustup/toolchains/1.97.1-aarch64-apple-darwin/bin/rust-analyzer
15:38:07,4233,26432,/Users/michael.pursifull/.rustup/toolchains/1.97.1-aarch64-apple-darwin/libexec/rust-analyzer-proc-macro-srv
15:38:07,99734,1376400,/Users/michael.pursifull/.rustup/toolchains/1.97.1-aarch64-apple-darwin/bin/rust-analyzer
15:38:09,3795,50720,/Users/michael.pursifull/.rustup/toolchains/1.97.1-aarch64-apple-darwin/libexec/rust-analyzer-proc-macro-srv
15:38:09,99734,1684048,/Users/michael.pursifull/.rustup/toolchains/1.97.1-aarch64-apple-darwin/bin/rust-analyzer
15:38:11,4381,28720,/Users/michael.pursifull/.rustup/toolchains/1.97.1-aarch64-apple-darwin/bin/rust-analyzer
15:38:13,4381,883264,/Users/michael.pursifull/.rustup/toolchains/1.97.1-aarch64-apple-darwin/bin/rust-analyzer
15:38:13,4450,28112,/Users/michael.pursifull/.rustup/toolchains/1.97.1-aarch64-apple-darwin/libexec/rust-analyzer-proc-macro-srv
15:38:15,4381,1675632,/Users/michael.pursifull/.rustup/toolchains/1.97.1-aarch64-apple-darwin/bin/rust-analyzer
15:38:15,4450,49968,/Users/michael.pursifull/.rustup/toolchains/1.97.1-aarch64-apple-darwin/libexec/rust-analyzer-proc-macro-srv
15:38:17,4381,1766992,/Users/michael.pursifull/.rustup/toolchains/1.97.1-aarch64-apple-darwin/bin/rust-analyzer
15:38:26,4818,30096,/Users/michael.pursifull/.rustup/toolchains/1.97.1-aarch64-apple-darwin/bin/rust-analyzer
15:38:28,4818,30096,/Users/michael.pursifull/.rustup/toolchains/1.97.1-aarch64-apple-darwin/bin/rust-analyzer
15:38:30,4818,30096,/Users/michael.pursifull/.rustup/toolchains/1.97.1-aarch64-apple-darwin/bin/rust-analyzer
15:38:32,4818,30096,/Users/michael.pursifull/.rustup/toolchains/1.97.1-aarch64-apple-darwin/bin/rust-analyzer
15:38:34,4818,30096,/Users/michael.pursifull/.rustup/toolchains/1.97.1-aarch64-apple-darwin/bin/rust-analyzer
15:38:36,4818,36496,/Users/michael.pursifull/.rustup/toolchains/1.97.1-aarch64-apple-darwin/bin/rust-analyzer
15:38:38,4818,36528,/Users/michael.pursifull/.rustup/toolchains/1.97.1-aarch64-apple-darwin/bin/rust-analyzer
15:38:40,4818,36544,/Users/michael.pursifull/.rustup/toolchains/1.97.1-aarch64-apple-darwin/bin/rust-analyzer
15:38:42,4818,50720,/Users/michael.pursifull/.rustup/toolchains/1.97.1-aarch64-apple-darwin/bin/rust-analyzer
15:38:42,5733,26384,/Users/michael.pursifull/.rustup/toolchains/stable-aarch64-apple-darwin/libexec/rust-analyzer-proc-macro-srv
15:38:44,4818,95600,/Users/michael.pursifull/.rustup/toolchains/1.97.1-aarch64-apple-darwin/bin/rust-analyzer
15:38:44,5733,27904,/Users/michael.pursifull/.rustup/toolchains/stable-aarch64-apple-darwin/libexec/rust-analyzer-proc-macro-srv
15:38:47,4818,1450672,/Users/michael.pursifull/.rustup/toolchains/1.97.1-aarch64-apple-darwin/bin/rust-analyzer
15:38:47,5733,45472,/Users/michael.pursifull/.rustup/toolchains/stable-aarch64-apple-darwin/libexec/rust-analyzer-proc-macro-srv
15:38:49,4818,1664560,/Users/michael.pursifull/.rustup/toolchains/1.97.1-aarch64-apple-darwin/bin/rust-analyzer
15:38:49,5733,51696,/Users/michael.pursifull/.rustup/toolchains/stable-aarch64-apple-darwin/libexec/rust-analyzer-proc-macro-srv
15:38:51,4818,1723664,/Users/michael.pursifull/.rustup/toolchains/1.97.1-aarch64-apple-darwin/bin/rust-analyzer
15:38:51,5733,51696,/Users/michael.pursifull/.rustup/toolchains/stable-aarch64-apple-darwin/libexec/rust-analyzer-proc-macro-srv
15:38:53,5931,77360,/Users/michael.pursifull/.rustup/toolchains/1.97.1-aarch64-apple-darwin/bin/rust-analyzer
15:38:53,5961,27904,/Users/michael.pursifull/.rustup/toolchains/stable-aarch64-apple-darwin/libexec/rust-analyzer-proc-macro-srv
15:38:55,5931,1518976,/Users/michael.pursifull/.rustup/toolchains/1.97.1-aarch64-apple-darwin/bin/rust-analyzer
15:38:55,5961,50976,/Users/michael.pursifull/.rustup/toolchains/stable-aarch64-apple-darwin/libexec/rust-analyzer-proc-macro-srv
15:38:57,5931,1684016,/Users/michael.pursifull/.rustup/toolchains/1.97.1-aarch64-apple-darwin/bin/rust-analyzer
15:38:57,5961,51440,/Users/michael.pursifull/.rustup/toolchains/stable-aarch64-apple-darwin/libexec/rust-analyzer-proc-macro-srv
15:38:59,5931,1750080,/Users/michael.pursifull/.rustup/toolchains/1.97.1-aarch64-apple-darwin/bin/rust-analyzer
15:38:59,5961,51440,/Users/michael.pursifull/.rustup/toolchains/stable-aarch64-apple-darwin/libexec/rust-analyzer-proc-macro-srv
